{
  "hash": "ce4cf500",
  "configHash": "494a4fd3",
  "lockfileHash": "38be0d9c",
  "browserHash": "0166349a",
  "optimized": {
    "@angular/core": {
      "src": "../../../../../node_modules/@angular/core/fesm2022/core.mjs",
      "file": "@angular_core.js",
      "fileHash": "3d04e5b6",
      "needsInterop": false
    },
    "@angular/platform-browser": {
      "src": "../../../../../node_modules/@angular/platform-browser/fesm2022/platform-browser.mjs",
      "file": "@angular_platform-browser.js",
      "fileHash": "d11346a8",
      "needsInterop": false
    },
    "@angular/router": {
      "src": "../../../../../node_modules/@angular/router/fesm2022/router.mjs",
      "file": "@angular_router.js",
      "fileHash": "3cbec69d",
      "needsInterop": false
    },
    "@fortawesome/angular-fontawesome": {
      "src": "../../../../../node_modules/@fortawesome/angular-fontawesome/fesm2022/angular-fontawesome.mjs",
      "file": "@fortawesome_angular-fontawesome.js",
      "fileHash": "92fc3ce1",
      "needsInterop": false
    },
    "@fortawesome/free-solid-svg-icons": {
      "src": "../../../../../node_modules/@fortawesome/free-solid-svg-icons/index.mjs",
      "file": "@fortawesome_free-solid-svg-icons.js",
      "fileHash": "5a5ee96a",
      "needsInterop": false
    }
  },
  "chunks": {
    "chunk-PXB5TNL7": {
      "file": "chunk-PXB5TNL7.js"
    },
    "chunk-GPWW6V3N": {
      "file": "chunk-GPWW6V3N.js"
    },
    "chunk-J4B6MK7R": {
      "file": "chunk-J4B6MK7R.js"
    }
  }
}